-- ANTES DE TUDO TACAR OS ESTADOS, DEPOIS CIDADES!!!!! --


-- CUIDAR AO SALVAR ESSE ARQUIVO NO GIT, AS VEZES ELE CORROMPE E FICA UMAS LETRAS ESTRANHAS!!!!!! --

INSERT INTO public.categoria (id, categoria) VALUES (1, 'Memoria Ram');
INSERT INTO public.categoria (id, categoria) VALUES (2, 'HDs');
INSERT INTO public.categoria (id, categoria) VALUES (3, 'SSDs');
INSERT INTO public.categoria (id, categoria) VALUES (4, 'Processadores');
INSERT INTO public.categoria (id, categoria) VALUES (5, 'Placas de Video');
INSERT INTO public.categoria (id, categoria) VALUES (6, 'Placas de Som');
INSERT INTO public.categoria (id, categoria) VALUES (7, 'Placas Mãe');
INSERT INTO public.categoria (id, categoria) VALUES (8, 'Coolers');
INSERT INTO public.categoria (id, categoria) VALUES (9, 'Monitores');
INSERT INTO public.categoria (id, categoria) VALUES (10, 'Notebooks');
INSERT INTO public.categoria (id, categoria) VALUES (11, 'Softwares');
INSERT INTO public.categoria (id, categoria) VALUES (12, 'Periféricos');
INSERT INTO public.categoria (id, categoria) VALUES (13, 'Fontes');

INSERT INTO public.endereco (id, bairro, cep, complemento, numero, rua, cidade_id) VALUES (1, 'Campina da Barra', '81250-280', 'Casa', 1170, 'Rua Malva', 2806);
INSERT INTO public.endereco (id, bairro, cep, complemento, numero, rua, cidade_id) VALUES (2, 'Fazenda Velha', '83720-210', 'Casa', 174, 'Rua São Judas Tadeu', 2806);
INSERT INTO public.endereco (id, bairro, cep, complemento, numero, rua, cidade_id) VALUES (3, 'Fazenda Velha', '83703-410', 'Casa', 601, 'R. Alexandre Wisocki', 2806);
INSERT INTO public.endereco (id, bairro, cep, complemento, numero, rua, cidade_id) VALUES (4, 'Fazenda Velha', '83703-320', 'Casa', 401, 'R. Antônio Cândido Nascimento', 2806);
INSERT INTO public.endereco (id, bairro, cep, complemento, numero, rua, cidade_id) VALUES (5, 'Fazenda Velha', '83703-340', 'Casa', 390, 'R. Jose Huttner', 2806);
INSERT INTO public.endereco (id, bairro, cep, complemento, numero, rua, cidade_id) VALUES (6, 'Fazenda Velha', '83703-410', 'Casa', 462, 'R. José Huttner', 2806);
INSERT INTO public.endereco (id, bairro, cep, complemento, numero, rua, cidade_id) VALUES (7, 'Iguaçu', '83701-627', 'Edifício',309, 'R. Rio de Janeiro', 2806);
INSERT INTO public.endereco (id, bairro, cep, complemento, numero, rua, cidade_id) VALUES (8, 'Iguaçu', '83701-250', 'Casa', 1207, 'Av. Brasil', 2806);
INSERT INTO public.endereco (id, bairro, cep, complemento, numero, rua, cidade_id) VALUES (9, 'Iguaçu', '83701-205', 'Casa', 460, 'R. Espírito Santo', 2806);
INSERT INTO public.endereco (id, bairro, cep, complemento, numero, rua, cidade_id) VALUES (10, 'Iguaçu', '83701-210', 'Casa', 147, 'R. Fernando de Noronha', 2806);
INSERT INTO public.endereco (id, bairro, cep, complemento, numero, rua, cidade_id) VALUES (11, 'Iguaçu', '83701-010', 'Casa', 158, 'R. Paraíba', 2806);
INSERT INTO public.endereco (id, bairro, cep, complemento, numero, rua, cidade_id) VALUES (12, 'Capela Velha', '83706-190', 'Casa', 1130, 'R. Tucano', 2806);
INSERT INTO public.endereco (id, bairro, cep, complemento, numero, rua, cidade_id) VALUES (13, 'Capela Velha', '83706-220', 'Casa', 735, 'R. Tesoureiro', 2806);
INSERT INTO public.endereco (id, bairro, cep, complemento, numero, rua, cidade_id) VALUES (14, 'Capela Velha', '83706-070', 'Casa', 1068, 'R. Maracanā', 2806);
INSERT INTO public.endereco (id, bairro, cep, complemento, numero, rua, cidade_id) VALUES (15, 'Capela Velha', '83706-270', 'Casa', 1285, 'R. Pomba', 2806);
INSERT INTO public.endereco (id, bairro, cep, complemento, numero, rua, cidade_id) VALUES (16, 'Capela Velha', '83706-060', 'Casa', 1280, 'Rua Pinguim', 2806);
INSERT INTO public.endereco (id, bairro, cep, complemento, numero, rua, cidade_id) VALUES (17, 'Capela Velha', '83706-160', 'Casa', 1142, 'R. Arapongas', 2806);

INSERT INTO public.fotoproduto (id, foto) VALUES (1, 'memoriaram/memoria-hyperx-fury-8gb');
INSERT INTO public.fotoproduto (id, foto) VALUES (2, 'memoriaram/memoria-adata-xpg-spectrix-d41-rgb-8gb-3000mhz');
INSERT INTO public.fotoproduto (id, foto) VALUES (3, 'memoriaram/50747_index_gg');
INSERT INTO public.fotoproduto (id, foto) VALUES (4, 'memoriaram/50782_index_gg');
INSERT INTO public.fotoproduto (id, foto) VALUES (5, 'memoriaram/84471_index_gg');
INSERT INTO public.fotoproduto (id, foto) VALUES (6, 'memoriaram/memoria-hp-v2-8gb-2666mhz-ddr4');
INSERT INTO public.fotoproduto (id, foto) VALUES (7, 'memoriaram/memoria-kingston-4gb-1333mhz-ddr3-');
INSERT INTO public.fotoproduto (id, foto) VALUES (8, 'memoriaram/memoria-xpg-gammix-d30-8gb');
INSERT INTO public.fotoproduto (id, foto) VALUES (9, 'processadores/processador - intel i3');
INSERT INTO public.fotoproduto (id, foto) VALUES (10, 'processadores/processador i3');
INSERT INTO public.fotoproduto (id, foto) VALUES (11, 'processadores/processador intel i3');
INSERT INTO public.fotoproduto (id, foto) VALUES (12, 'processadores/processador intel i7');
INSERT INTO public.fotoproduto (id, foto) VALUES (13, 'processadores/processador-intel-core-i5-9400f-cache-9mb-2-9ghz-4-1ghz-max-turbo');
INSERT INTO public.fotoproduto (id, foto) VALUES (14, 'processadores/processador-intel-core-i7');
INSERT INTO public.fotoproduto (id, foto) VALUES (15, 'processadores/processador-intel-core-i7-360ghz-490ghz-max-turbo-9-geracao-8-core-8-thread-');
INSERT INTO public.fotoproduto (id, foto) VALUES (16, 'processadores/processador-intel-core-i7-10700-290ghz-470ghz-turbo-10');
INSERT INTO public.fotoproduto (id, foto) VALUES (17, 'hds/HD Interno PC 1TB Western Digital 7200 RPM');
INSERT INTO public.fotoproduto (id, foto) VALUES (18, 'hds/HD SEAGATE 2TB 3.5 7200RPM SATA III 6GBS');
INSERT INTO public.fotoproduto (id, foto) VALUES (19, 'hds/HD Seagate BarraCuda, 1TB, 2.5, Notebook, SATA');
INSERT INTO public.fotoproduto (id, foto) VALUES (20, 'hds/HD Seagate BarraCuda, 1TB, 3.5, SATA');
INSERT INTO public.fotoproduto (id, foto) VALUES (21, 'hds/HD Seagate Surveillance SkyHawk, 2TB');
INSERT INTO public.fotoproduto (id, foto) VALUES (22, 'hds/HD WD Blue, 1TB, 3.5, SATA - WD10EZEX');
INSERT INTO public.fotoproduto (id, foto) VALUES (23, 'fontes/FONTE TGT TOMAHAWK 500W PRETO');
INSERT INTO public.fotoproduto (id, foto) VALUES (24, 'fontes/Fonte 200W, Fortrek');
INSERT INTO public.fotoproduto (id, foto) VALUES (25, 'fontes/Hardware  Fontes  Linha 400 W');
INSERT INTO public.fotoproduto (id, foto) VALUES (26, 'fontes/Fonte One Power 600W');
INSERT INTO public.fotoproduto (id, foto) VALUES (27, 'fontes/fonte-raptor-500w-80-plus-bronze');
INSERT INTO public.fotoproduto (id, foto) VALUES (28, 'fontes/fonte-raptor-600w-80-plus');
INSERT INTO public.fotoproduto (id, foto) VALUES (29, 'fontes/Hardware  Fontes  Linha 600 W');
INSERT INTO public.fotoproduto (id, foto) VALUES (30, 'fontes/Fonte EVGA 400W');
INSERT INTO public.fotoproduto (id, foto) VALUES (31, 'fontes/Fonte Corsair 750W 80 Plus Bronze Semi Modular');
INSERT INTO public.fotoproduto (id, foto) VALUES (32, 'coolers/Cooler Master AMD');
INSERT INTO public.fotoproduto (id, foto) VALUES (33, 'coolers/kit-3-cooler-fan-gamdias-360mm-rgb');
INSERT INTO public.fotoproduto (id, foto) VALUES (34, 'coolers/fonte-cooler-master-mwe-white-v2-550w-fonte-cooler-master');
INSERT INTO public.fotoproduto (id, foto) VALUES (35, 'coolers/kit-cooler-fan-rise-mode-rgb-aura');
INSERT INTO public.fotoproduto (id, foto) VALUES (36, 'coolers/water-cooler-deepcool-gammaxx-l240t-blu');
INSERT INTO public.fotoproduto (id, foto) VALUES (37, 'coolers/fonte-cooler-master-mwe-white-v2-450w-80-plus-standart');
INSERT INTO public.fotoproduto (id, foto) VALUES (38, 'coolers/Cooler Processador Cooler Master Hyper');
INSERT INTO public.fotoproduto (id, foto) VALUES (39, 'coolers/aigo-darkflash-talon-rgb3');
INSERT INTO public.fotoproduto (id, foto) VALUES (40, 'coolers/cooler-para-processador-bluecase-led-amd-intel');
INSERT INTO public.fotoproduto (id, foto) VALUES (41, 'coolers/cooler-fan-deepcool-xfan');
INSERT INTO public.fotoproduto (id, foto) VALUES (42, 'monitores/MONITOR ACER 19.5');
INSERT INTO public.fotoproduto (id, foto) VALUES (43, 'monitores/Monitor AOC LED');
INSERT INTO public.fotoproduto (id, foto) VALUES (44, 'monitores/Monitor Gamer AOC 31.5 Pol');
INSERT INTO public.fotoproduto (id, foto) VALUES (45, 'monitores/Monitor Gamer AOC Hero 24');
INSERT INTO public.fotoproduto (id, foto) VALUES (46, 'monitores/Monitor Gamer LG');
INSERT INTO public.fotoproduto (id, foto) VALUES (47, 'monitores/Monitor LED 18,5');
INSERT INTO public.fotoproduto (id, foto) VALUES (48, 'monitores/Monitor LED 19');
INSERT INTO public.fotoproduto (id, foto) VALUES (49, 'monitores/Monitor LED 21,5');
INSERT INTO public.fotoproduto (id, foto) VALUES (50, 'monitores/Monitor Led 24');
INSERT INTO public.fotoproduto (id, foto) VALUES (51, 'monitores/Monitor LED 29 IPS');
INSERT INTO public.fotoproduto (id, foto) VALUES (52, 'monitores/Monitor V19B LED');
INSERT INTO public.fotoproduto (id, foto) VALUES (53, 'placa de som/Placa de Som HyperX Amp USB Virtual');
INSERT INTO public.fotoproduto (id, foto) VALUES (54, 'placa de som/placa-de-som-asus-strix-soar-pcie-canal');
INSERT INTO public.fotoproduto (id, foto) VALUES (55, 'placa de som/Placa de Som GV');
INSERT INTO public.fotoproduto (id, foto) VALUES (56, 'placa de som/Placa de Som Creative');
INSERT INTO public.fotoproduto (id, foto) VALUES (57, 'placa de som/placa-de-som-creative-sound-blaster');
INSERT INTO public.fotoproduto (id, foto) VALUES (58, 'placa de som/placa-de-som-asus-xonar-ae-pci-express');
INSERT INTO public.fotoproduto (id, foto) VALUES (59, 'placa de som/Placa de Som Creative SO sound');
INSERT INTO public.fotoproduto (id, foto) VALUES (60, 'placa de som/placa-de-som-creative-audigy');
INSERT INTO public.fotoproduto (id, foto) VALUES (61, 'placa de video/placa-de-video-evga-nvidia-6_gg');
INSERT INTO public.fotoproduto (id, foto) VALUES (62, 'placa de video/95459_1520954069_index_gg');
INSERT INTO public.fotoproduto (id, foto) VALUES (63, 'placa de video/placa-de-video-gigabyte-amd-radeon-rx');
INSERT INTO public.fotoproduto (id, foto) VALUES (64, 'placa de video/placa-de-video-galax-nvidia-geforce-gtx-1650-ex-plus');
INSERT INTO public.fotoproduto (id, foto) VALUES (65, 'placa de video/94740_1517839009_index_gg');
INSERT INTO public.fotoproduto (id, foto) VALUES (66, 'placa de video/placa-de-video-powercolor-amd-radeon-rx-550-4gb-ddr5');
INSERT INTO public.fotoproduto (id, foto) VALUES (67, 'placa de video/placa-de-video-gigabyte-nvidia-geforce-gtx-1650-d6-4g');
INSERT INTO public.fotoproduto (id, foto) VALUES (68, 'perifericos/95566_1522950995_index_gg');
INSERT INTO public.fotoproduto (id, foto) VALUES (69, 'perifericos/mouse-gamer-hyperx-pulsefire-raid-rgb');
INSERT INTO public.fotoproduto (id, foto) VALUES (70, 'perifericos/91743_1502463217_gg');
INSERT INTO public.fotoproduto (id, foto) VALUES (71, 'perifericos/mousepad-gamer-hyperx-fury-ultra-rgb');
INSERT INTO public.fotoproduto (id, foto) VALUES (72, 'perifericos/98067_2_1535052372_gg');
INSERT INTO public.fotoproduto (id, foto) VALUES (73, 'perifericos/97700_3_1533215372_gg');
INSERT INTO public.fotoproduto (id, foto) VALUES (74, 'perifericos/89334_1522951354_index_gg');
INSERT INTO public.fotoproduto (id, foto) VALUES (75, 'perifericos/98068_1535054657_gg');
INSERT INTO public.fotoproduto (id, foto) VALUES (76, 'placa mae/pl');
INSERT INTO public.fotoproduto (id, foto) VALUES (77, 'placa mae/placa-mae-gigabyte-b365-m');
INSERT INTO public.fotoproduto (id, foto) VALUES (78, 'placa mae/placa-mae-gigabyte-ga-h110m-s2h-in');
INSERT INTO public.fotoproduto (id, foto) VALUES (79, 'placa mae/96739_1526662538_index_gg');
INSERT INTO public.fotoproduto (id, foto) VALUES (80, 'placa mae/placa-mae-gigabyte-para-intel-lga-1151-mat');
INSERT INTO public.fotoproduto (id, foto) VALUES (81, 'placa mae/placa-mae-msi-h310m-pro-vdh-plus-p-intel-lga-115');
INSERT INTO public.fotoproduto (id, foto) VALUES (82, 'placa mae/placa-mae-gigabyte-para-intel-lga-1151-atx');
INSERT INTO public.fotoproduto (id, foto) VALUES (83, 'placa mae/placa-mae-asus-para-amd-am4-matx-prime');
INSERT INTO public.fotoproduto (id, foto) VALUES (84, 'softwares/norton-antivirus-security-deluxe-3-0-para-3');
INSERT INTO public.fotoproduto (id, foto) VALUES (85, 'softwares/100800_1552057375_index_gg');
INSERT INTO public.fotoproduto (id, foto) VALUES (86, 'softwares/norton-antivirus-360-premium-nd-75gb');
INSERT INTO public.fotoproduto (id, foto) VALUES (87, 'ssds/85197_index_gg');
INSERT INTO public.fotoproduto (id, foto) VALUES (88, 'ssds/ssd-gigabyte-240gb-sata-');
INSERT INTO public.fotoproduto (id, foto) VALUES (89, 'ssds/ssd-pny-cs900-240gb-sata-leitura');
INSERT INTO public.fotoproduto (id, foto) VALUES (90, 'ssds/ssd-hp-ex900-500gb-m-2');
INSERT INTO public.fotoproduto (id, foto) VALUES (91, 'ssds/ssd-hp-s700-250gb-sata-leituras-55');
INSERT INTO public.fotoproduto (id, foto) VALUES (92, 'ssds/ssd-pny-cs900-120gb-sata-leitura-515mb-');
INSERT INTO public.fotoproduto (id, foto) VALUES (93, 'ssds/ssd-pny-cs900-480gb-sata-2-5-leitu');
INSERT INTO public.fotoproduto (id, foto) VALUES (94, 'notebooks/notebook-acer-aspire-3-intel-core-i5-4gb');
INSERT INTO public.fotoproduto (id, foto) VALUES (95, 'notebooks/97917_1_1533828149_gg');
INSERT INTO public.fotoproduto (id, foto) VALUES (96, 'notebooks/100213_1549970111_index_gg');
INSERT INTO public.fotoproduto (id, foto) VALUES (97, 'notebooks/notebook-lenovo-ultrafino-ideapad-s145-intel-core-i7-8565u-8gb');
INSERT INTO public.fotoproduto (id, foto) VALUES (98, 'notebooks/notebook-lenovo-b330572982484_gg');
INSERT INTO public.fotoproduto (id, foto) VALUES (99, 'notebooks/notebook-acer-aspire-3-intel-core-i5-8250u-8gb');
INSERT INTO public.fotoproduto (id, foto) VALUES (100, 'notebooks/notebook-asus-laptop-intel-core-i5');
INSERT INTO public.fotoproduto (id, foto) VALUES (101, 'notebooks/notebook-vaio-fe14-intel-core-i5');
INSERT INTO public.fotoproduto (id, foto) VALUES (102, 'notebooks/notebook-vaio-fe15-intel');
INSERT INTO public.fotoproduto (id, foto) VALUES (103, 'notebooks/97958_1534164081_gg');
INSERT INTO public.fotoproduto (id, foto) VALUES (104, 'notebooks/chromebook-acer-intel-celeron-n4000-4gb-32gb');
INSERT INTO public.fotoproduto (id, foto) VALUES (105, 'notebooks/notebook-asus-laptop-intel-celeron');
INSERT INTO public.fotoproduto (id, foto) VALUES (106, 'notebooks/notebook-vaio-fe14-intel-core-i7-10510u-8gb');
INSERT INTO public.fotoproduto (id, foto) VALUES (107, 'notebooks/notebook-lenovo-thinkpad-e14-intel-core-i7');
INSERT INTO public.fotoproduto (id, foto) VALUES (108, 'notebooks/notebook-lenovo-ideapad-s145-intel-core');
INSERT INTO public.fotoproduto (id, foto) VALUES (109, 'notebooks/notebook-lenovo-ideapad-s145-intel-core-i5-8265u-8gb-ssd');
INSERT INTO public.fotoproduto (id, foto) VALUES (110, 'notebooks/notebook-asus-laptop-intel-core-i5-6200u-8gb');
INSERT INTO public.fotoproduto (id, foto) VALUES (111, 'notebooks/notebook-asus-laptop-intel-core-i3-6100u');
INSERT INTO public.fotoproduto (id, foto) VALUES (112, 'notebooks/notebook-samsung-book-x20-intel-core-i5');
INSERT INTO public.fotoproduto (id, foto) VALUES (113, 'notebooks/notebook-gamer-asus-amd-ryzen-5-3500u-8gb-1tb-');
INSERT INTO public.fotoproduto (id, foto) VALUES (114, 'notebooks/notebook-gamer-asus-rog-intel-core-i7-9750h-16gb-ssd-512gb');
INSERT INTO public.fotoproduto (id, foto) VALUES (115, 'notebooks/95974_1523368364_index_gg');
INSERT INTO public.fotoproduto (id, foto) VALUES (116, 'notebooks/notebook-gamer-acer-aspire-nitro-5-intel-core-i7-9750h-16gb');
INSERT INTO public.fotoproduto (id, foto) VALUES (117, 'notebooks/notebook-gamer-asus-rog-strix-intel-core-i7-10750h');
INSERT INTO public.fotoproduto (id, foto) VALUES (118, 'notebooks/notebook-acer-aspire-5-intel-core-i5-10210u-8gb-ssd-256gb');
INSERT INTO public.fotoproduto (id, foto) VALUES (119, 'notebooks/notebook-acer-celeron-4gb-1tb');
INSERT INTO public.fotoproduto (id, foto) VALUES (120, 'notebooks/notebook-lenovo-b330-intel-core-i3-7020u-');
INSERT INTO public.fotoproduto (id, foto) VALUES (121, 'notebooks/notebook-lenovo-b330-intel-core-i3-7020u');
INSERT INTO public.fotoproduto (id, foto) VALUES (122, 'notebooks/notebook-acer-amd-ryzen-5-3500-8gb-1tb-');
INSERT INTO public.fotoproduto (id, foto) VALUES (123, 'notebooks/notebook-acer-aspire-3-intel-core-');
INSERT INTO public.fotoproduto (id, foto) VALUES (124, 'notebooks/notebook-vaio-fe15-intel-core-i5-10210u-');


INSERT INTO public.tipoentrega (id, tipoentrega) VALUES (1, 'Retirar na loja');
INSERT INTO public.tipoentrega (id, tipoentrega) VALUES (2, 'Motoboy');
INSERT INTO public.tipoentrega (id, tipoentrega) VALUES (4, 'Transportadora Sapitcho');
INSERT INTO public.tipoentrega (id, tipoentrega) VALUES (3, 'Correios');

INSERT INTO public.fornecedor (id, fornecedor, hyperlink) VALUES (1, 'Hyper X', 'https://www.hyperxgaming.com');
INSERT INTO public.fornecedor (id, fornecedor, hyperlink) VALUES (2, 'XPG', 'https://www.xpg.com/');
INSERT INTO public.fornecedor (id, fornecedor, hyperlink) VALUES (3, 'Corsair', 'https://www.corsair.com/pt/pt/');
INSERT INTO public.fornecedor (id, fornecedor, hyperlink) VALUES (4, 'HP', 'https://store.hp.com/');
INSERT INTO public.fornecedor (id, fornecedor, hyperlink) VALUES (5, 'Kingston', 'https://www.kingston.com/br');
INSERT INTO public.fornecedor (id, fornecedor, hyperlink) VALUES (6, 'Intel', 'https://www.intel.com.br/');
INSERT INTO public.fornecedor (id, fornecedor, hyperlink) VALUES (7, 'Seagate', 'https://www.seagate.com/br/pt/');
INSERT INTO public.fornecedor (id, fornecedor, hyperlink) VALUES (8, 'TOMAHAWK ', 'https://www.kabum.com.br/');
INSERT INTO public.fornecedor (id, fornecedor, hyperlink) VALUES (9, 'Fortrek', 'https://fortrek.com.br/');
INSERT INTO public.fornecedor (id, fornecedor, hyperlink) VALUES (10, 'EVGA', 'https://www.evga.com/');
INSERT INTO public.fornecedor (id, fornecedor, hyperlink) VALUES (11, 'One Power', 'https://www.kabum.com.br/');
INSERT INTO public.fornecedor (id, fornecedor, hyperlink) VALUES (12, 'Raptor', 'https://www.kabum.com.br/');
INSERT INTO public.fornecedor (id, fornecedor, hyperlink) VALUES (13, 'LENOVO', 'https://www.lenovo.com/');
INSERT INTO public.fornecedor (id, fornecedor, hyperlink) VALUES (14, 'WD', 'https://www.kabum.com.br/');
INSERT INTO public.fornecedor (id, fornecedor, hyperlink) VALUES (15, 'Cooler Master', 'https://www.coolermaster.com/');
INSERT INTO public.fornecedor (id, fornecedor, hyperlink) VALUES (16, 'Gamdias', 'https://www.gamdias.com/');
INSERT INTO public.fornecedor (id, fornecedor, hyperlink) VALUES (17, 'Rise Mode', 'https://www.risemode.nz/');
INSERT INTO public.fornecedor (id, fornecedor, hyperlink) VALUES (18, 'DeepCool', 'https://www.deepcool.com/pt/');
INSERT INTO public.fornecedor (id, fornecedor, hyperlink) VALUES (19, 'DARKFLASH', 'https://darkflashtech.com/');
INSERT INTO public.fornecedor (id, fornecedor, hyperlink) VALUES (20, 'Bluecase', 'http://www.bluecase.com.br/');
INSERT INTO public.fornecedor (id, fornecedor, hyperlink) VALUES (21, 'AOC', 'http://www.aoc.com.br/');
INSERT INTO public.fornecedor (id, fornecedor, hyperlink) VALUES (22, 'PCTOP', 'https://www.kabum.com.br/');
INSERT INTO public.fornecedor (id, fornecedor, hyperlink) VALUES (23, 'Lg', 'https://www.lg.com/br');
INSERT INTO public.fornecedor (id, fornecedor, hyperlink) VALUES (24, 'ACER', 'https://www.acer.com/');
INSERT INTO public.fornecedor (id, fornecedor, hyperlink) VALUES (25, 'Agon', 'https://www.kabum.com.br/');
INSERT INTO public.fornecedor (id, fornecedor, hyperlink) VALUES (26, 'Samsung', 'https://www.samsung.com/br/');
INSERT INTO public.fornecedor (id, fornecedor, hyperlink) VALUES (27, 'asus', 'https://www.asus.com/br/');
INSERT INTO public.fornecedor (id, fornecedor, hyperlink) VALUES (28, 'Creative', 'https://www.kabum.com.br/');
INSERT INTO public.fornecedor (id, fornecedor, hyperlink) VALUES (29, 'GV', 'http://www.gvbrasil.com.br/');
INSERT INTO public.fornecedor (id, fornecedor, hyperlink) VALUES (30, 'Gigabyte', 'https://www.gigabyte.com/');
INSERT INTO public.fornecedor (id, fornecedor, hyperlink) VALUES (31, 'Galax', 'https://www.kabum.com.br/');
INSERT INTO public.fornecedor (id, fornecedor, hyperlink) VALUES (32, 'MSI', 'https://www.msi.com/');
INSERT INTO public.fornecedor (id, fornecedor, hyperlink) VALUES (33, 'PowerColor', 'https://www.powercolor.com/');
INSERT INTO public.fornecedor (id, fornecedor, hyperlink) VALUES (34, 'Aorus', 'https://www.aorus.com/');
INSERT INTO public.fornecedor (id, fornecedor, hyperlink) VALUES (35, 'Norton', 'https://br.norton.com/');
INSERT INTO public.fornecedor (id, fornecedor, hyperlink) VALUES (36, 'Kaspersky', 'https://www.kaspersky.com.br/');
INSERT INTO public.fornecedor (id, fornecedor, hyperlink) VALUES (37, 'PNY', 'https://www.pny.com/');
INSERT INTO public.fornecedor (id, fornecedor, hyperlink) VALUES (38, 'VAIO', 'https://www.br.vaio.com/');



INSERT INTO public.formapagamento (id, formapagamento) VALUES (1, 'Débito Automático');
INSERT INTO public.formapagamento (id, formapagamento) VALUES (2, 'Cartão de Crédito');
INSERT INTO public.formapagamento (id, formapagamento) VALUES (3, 'Boleto Bancário');


INSERT INTO public.marcaproduto (id, nome) VALUES (1, 'HYPER X');
INSERT INTO public.marcaproduto (id, nome) VALUES (2, 'XPG');
INSERT INTO public.marcaproduto (id, nome) VALUES (3, 'CORSAIR');
INSERT INTO public.marcaproduto (id, nome) VALUES (4, 'HP');
INSERT INTO public.marcaproduto (id, nome) VALUES (5, 'KINGSTON');
INSERT INTO public.marcaproduto (id, nome) VALUES (6, 'INTEL');
INSERT INTO public.marcaproduto (id, nome) VALUES (7, 'SEAGATE');
INSERT INTO public.marcaproduto (id, nome) VALUES (8, 'WD');
INSERT INTO public.marcaproduto (id, nome) VALUES (9, 'TOMAHAWK');
INSERT INTO public.marcaproduto (id, nome) VALUES (10, 'FORTREK');
INSERT INTO public.marcaproduto (id, nome) VALUES (11, 'EVGA');
INSERT INTO public.marcaproduto (id, nome) VALUES (12, 'ONE POWER');
INSERT INTO public.marcaproduto (id, nome) VALUES (13, 'RAPTOR');
INSERT INTO public.marcaproduto (id, nome) VALUES (14, 'COOLER MASTER');
INSERT INTO public.marcaproduto (id, nome) VALUES (15, 'GAMDIAS');
INSERT INTO public.marcaproduto (id, nome) VALUES (16, 'RISE MODE');
INSERT INTO public.marcaproduto (id, nome) VALUES (17, 'DEEPCOOL');
INSERT INTO public.marcaproduto (id, nome) VALUES (18, 'DARKFLASH');
INSERT INTO public.marcaproduto (id, nome) VALUES (19, 'BLUECASE');
INSERT INTO public.marcaproduto (id, nome) VALUES (20, 'AOC');
INSERT INTO public.marcaproduto (id, nome) VALUES (21, 'PCTOP');
INSERT INTO public.marcaproduto (id, nome) VALUES (22, 'LG');
INSERT INTO public.marcaproduto (id, nome) VALUES (23, 'ACER');
INSERT INTO public.marcaproduto (id, nome) VALUES (24, 'AGON');
INSERT INTO public.marcaproduto (id, nome) VALUES (25, 'SAMSUNG');
INSERT INTO public.marcaproduto (id, nome) VALUES (26, 'ASUS');
INSERT INTO public.marcaproduto (id, nome) VALUES (27, 'CREATIVE');
INSERT INTO public.marcaproduto (id, nome) VALUES (28, 'GV');
INSERT INTO public.marcaproduto (id, nome) VALUES (29, 'GIGABYTE');
INSERT INTO public.marcaproduto (id, nome) VALUES (30, 'GALAX');
INSERT INTO public.marcaproduto (id, nome) VALUES (31, 'MSI');
INSERT INTO public.marcaproduto (id, nome) VALUES (32, 'POWER COLOR');
INSERT INTO public.marcaproduto (id, nome) VALUES (33, 'AORUS');
INSERT INTO public.marcaproduto (id, nome) VALUES (34, 'NORTON');
INSERT INTO public.marcaproduto (id, nome) VALUES (35, 'KASPERSKY');
INSERT INTO public.marcaproduto (id, nome) VALUES (36, 'PNY');
INSERT INTO public.marcaproduto (id, nome) VALUES (37, 'LENOVO');
INSERT INTO public.marcaproduto (id, nome) VALUES (38, 'VAIO');

INSERT INTO public.pessoa (id, ativo, cpf, datanascimento, email, nome, senha, telefone, tipousuario, endereco_id) VALUES (1, true, '006.001.590-00', '1998-05-24', 'kako.araujo.24@gmail.com', 'WESLEY DE ARAUJO EVANGELISTA', '00000000', '(41) 0000-0000', 3, 1);
INSERT INTO public.pessoa (id, ativo, cpf, datanascimento, email, nome, senha, telefone, tipousuario, endereco_id) VALUES (2, true, '014.952.890-60', '2001-02-12', 'felipefillus10@gmail.com', 'Felipe fillus', 'fillus', '(41) 4444-4444', 3, 2);
INSERT INTO public.pessoa (id, ativo, cpf, datanascimento, email, nome, senha, telefone, tipousuario, endereco_id) VALUES (3, true, '575.013.220-07', '2001-02-12', 'lucasmateus@gmail.com', 'Lucas Matheus', 'aaa', '(41) 4444-4445', 1, 3);
INSERT INTO public.pessoa (id, ativo, cpf, datanascimento, email, nome, senha, telefone, tipousuario, endereco_id) VALUES (4, true, '019.096.120-14', '2001-02-12', 'jonathana@gmail.com', 'jonathan', 'aaa', '(41) 4444-4446', 1, 4);
INSERT INTO public.pessoa (id, ativo, cpf, datanascimento, email, nome, senha, telefone, tipousuario, endereco_id) VALUES (5, true, '746.722.490-77', '2001-02-12', 'matedarcin@gmail.com', 'Mateus Garcin', 'aaa', '(41) 4444-4446', 1, 5);
INSERT INTO public.pessoa (id, ativo, cpf, datanascimento, email, nome, senha, telefone, tipousuario, endereco_id) VALUES (6, true, '757.075.110-83', '2001-02-12', 'luanagonzaga@gmail.com', 'Luana Gonzaga', 'aaa', '(41) 4444-4447', 1, 6);
INSERT INTO public.pessoa (id, ativo, cpf, datanascimento, email, nome, senha, telefone, tipousuario, endereco_id) VALUES (7, true, '638.264.340-80', '2001-02-12', 'mariasouza@gmail.com', 'Maria de souza', 'aaa', '(41) 4444-4448', 1, 7);
INSERT INTO public.pessoa (id, ativo, cpf, datanascimento, email, nome, senha, telefone, tipousuario, endereco_id) VALUES (8, true, '753.618.120-56', '2001-02-12', 'Alex12@gmail.com', 'Alex', 'aaa', '(41) 4444-4449', 1, 8);
INSERT INTO public.pessoa (id, ativo, cpf, datanascimento, email, nome, senha, telefone, tipousuario, endereco_id) VALUES (9, true, '302.817.770-63', '2001-02-12', 'robertorocha@gmail.com', 'Roberto Rocha', 'aaa', '(41) 4444-4450', 1, 9);
INSERT INTO public.pessoa (id, ativo, cpf, datanascimento, email, nome, senha, telefone, tipousuario, endereco_id) VALUES (10, true, '700.911.770-57', '2001-02-12', 'carlasir@gmail.com', 'Carla Silveira', 'aaa', '(41) 4444-4451', 1, 10);
INSERT INTO public.pessoa (id, ativo, cpf, datanascimento, email, nome, senha, telefone, tipousuario, endereco_id) VALUES (11, true, '563.004.750-77', '2001-02-12', 'felipesouza@gmail.com', 'Felipe de souza', 'aaa', '(41) 4444-4452', 1, 11);
INSERT INTO public.pessoa (id, ativo, cpf, datanascimento, email, nome, senha, telefone, tipousuario, endereco_id) VALUES (12, true, '128.083.630-01', '2001-02-12', 'gabrielandrade@gmail.com', 'Gabriel de andrade', 'aaa', '(41) 4444-4453', 1, 12);
INSERT INTO public.pessoa (id, ativo, cpf, datanascimento, email, nome, senha, telefone, tipousuario, endereco_id) VALUES (13, true, '891.132.170-20', '2001-02-12', 'miltonmilton@gmail.com', 'Milton o Milton', 'aaa', '(41) 4444-4454', 1, 13);
INSERT INTO public.pessoa (id, ativo, cpf, datanascimento, email, nome, senha, telefone, tipousuario, endereco_id) VALUES (14, true, '890.934.310-99', '2001-02-12', 'daniel10@gmail.com', 'Daniel cordel', 'aaa', '(41) 4444-4455', 1, 14);
INSERT INTO public.pessoa (id, ativo, cpf, datanascimento, email, nome, senha, telefone, tipousuario, endereco_id) VALUES (15, true, '384.485.350-22', '2001-02-12', 'daiane@gmail.com', 'Daiane', 'aaa', '(41) 4444-4456', 1, 15);
INSERT INTO public.pessoa (id, ativo, cpf, datanascimento, email, nome, senha, telefone, tipousuario, endereco_id) VALUES (16, true, '735.903.210-59', '2001-02-12', 'janaina1@gmail.com', 'Janaina', 'aaa', '(41) 4444-4457', 1, 16);
INSERT INTO public.pessoa (id, ativo, cpf, datanascimento, email, nome, senha, telefone, tipousuario, endereco_id) VALUES (17, true, '738.415.250-08', '2001-02-12', 'rodrigocorsair@gmail.com', 'Rodrigo Cosair', 'aaa', '(41) 4444-4458', 2, 17);

INSERT INTO public.produto (id, descricao, emestoque, nome, preco, categoria_id, fornecedor_id, fotoproduto_id, marcaproduto_id) VALUES (1, '8GB, 2666MHz, DDR4, CL16, Preto', true, 'Memoria Fury', 329.29, 1, 1, 1, 1);
INSERT INTO public.produto (id, descricao, emestoque, nome, preco, categoria_id, fornecedor_id, fotoproduto_id, marcaproduto_id) VALUES (2, '8GB, 2666MHz, DDR4, CL16, Preto', true, 'Memoria Spetrix D41', 323.41, 1, 2, 2, 2);
INSERT INTO public.produto (id, descricao, emestoque, nome, preco, categoria_id, fornecedor_id, fotoproduto_id, marcaproduto_id) VALUES (3, '4GB, 1333MHz, DDR3, CL9, Azul', true, 'Memoria Fury', 257.53, 1, 1, 3, 1);
INSERT INTO public.produto (id, descricao, emestoque, nome, preco, categoria_id, fornecedor_id, fotoproduto_id, marcaproduto_id) VALUES (4, '8GB, 1866MHz, DDR3, CL10, Branco', true, 'Memoria Fury', 339.88, 1, 1, 4, 1);
INSERT INTO public.produto (id, descricao, emestoque, nome, preco, categoria_id, fornecedor_id, fotoproduto_id, marcaproduto_id) VALUES (5, '8GB, 2400MHz, DDR4, CL16, Preto', true, 'Memoria Vengeance LPX', 288.12, 1, 3, 5, 3);
INSERT INTO public.produto (id, descricao, emestoque, nome, preco, categoria_id, fornecedor_id, fotoproduto_id, marcaproduto_id) VALUES (6, '8GB, 2666Mhz, DDR4, CL19, Preto', true, 'Memoria V2', 282.24, 1, 4, 6, 4);
INSERT INTO public.produto (id, descricao, emestoque, nome, preco, categoria_id, fornecedor_id, fotoproduto_id, marcaproduto_id) VALUES (7, '4GB, 1333MHz, DDR3, Notebook, CL9', true, 'Memoria', 288.12, 1, 5, 7, 5);
INSERT INTO public.produto (id, descricao, emestoque, nome, preco, categoria_id, fornecedor_id, fotoproduto_id, marcaproduto_id) VALUES (8, '8GB, 2666Mhz, DDR4, CL16, Branco', true, 'Memoria Gammix D30', 305.76, 1, 2, 8, 2);
INSERT INTO public.produto (id, descricao, emestoque, nome, preco, categoria_id, fornecedor_id, fotoproduto_id, marcaproduto_id) VALUES (9, 'i3, Cache 6MB, 3.6GHz, 4.2GHz Max Turbo, Coffee Lake, Intel', true, 'Intel Core i3-9100', 539.2, 4, 4, 9, 6);
INSERT INTO public.produto (id, descricao, emestoque, nome, preco, categoria_id, fornecedor_id, fotoproduto_id, marcaproduto_id) VALUES (10, 'i3, Cache 6MB, 3.6GHz, 4.2GHz Max Turbo, lga1151, Intel', true, 'Intel Core i3-9100', 499.99, 4, 4, 10, 6);
INSERT INTO public.produto (id, descricao, emestoque, nome, preco, categoria_id, fornecedor_id, fotoproduto_id, marcaproduto_id) VALUES (11, 'i3, Cache 6MB, 3.6GHz, 4.2GHz Max Turbo, lga1151, Intel UHD Graphics 630', true, 'Intel Core i3-9100F', 520.16, 4, 4, 11, 6);
INSERT INTO public.produto (id, descricao, emestoque, nome, preco, categoria_id, fornecedor_id, fotoproduto_id, marcaproduto_id) VALUES (12, 'i7, LGA 1151, Coffee Lake Refresh, Cache 12MB, 3.6GHz', true, 'Intel Core i7-9900', 2409.2, 4, 4, 12, 6);
INSERT INTO public.produto (id, descricao, emestoque, nome, preco, categoria_id, fornecedor_id, fotoproduto_id, marcaproduto_id) VALUES (13, 'Coffee Lake, Cache 12MB, 3.0GHz (4.7GHz Max Turbo), LGA 1151', true, 'Intel Core i7-9700', 2009.3, 4, 4, 14, 6);
INSERT INTO public.produto (id, descricao, emestoque, nome, preco, categoria_id, fornecedor_id, fotoproduto_id, marcaproduto_id) VALUES (14, 'Coffee Lake, Cache 9MB, 2.9GHz (4.1GHz Max Turbo), LGA 1151, Sem Video', true, 'Intel Core i5-8400', 1142.32, 4, 4, 13, 6);
INSERT INTO public.produto (id, descricao, emestoque, nome, preco, categoria_id, fornecedor_id, fotoproduto_id, marcaproduto_id) VALUES (15, 'Intel Core i7-9400F Coffee Lake, Cache 9MB, 2.9GHz (4.1GHz Max Turbo), LGA 1151', true, 'Intel Core i7-9400F', 1084.33, 4, 4, 15, 6);
INSERT INTO public.produto (id, descricao, emestoque, nome, preco, categoria_id, fornecedor_id, fotoproduto_id, marcaproduto_id) VALUES (16, 'processador-intel-core-i7-10700-290ghz-470ghz-turbo-10', true, 'Intel Core i7-10700', 2390.11, 4, 4, 16, 6);
INSERT INTO public.produto (id, descricao, emestoque, nome, preco, categoria_id, fornecedor_id, fotoproduto_id, marcaproduto_id) VALUES (17, 'HD WD Blue, 1TB, 3.5, SATA', true, 'HD WD Blue, 1TB', 239.11, 2, 14, 17, 8);
INSERT INTO public.produto (id, descricao, emestoque, nome, preco, categoria_id, fornecedor_id, fotoproduto_id, marcaproduto_id) VALUES (18, 'HD Seagate 3polegadas 1TB', true, 'HD Seagate BarraCuda, 1TB', 349.11, 2, 4, 18, 7);
INSERT INTO public.produto (id, descricao, emestoque, nome, preco, categoria_id, fornecedor_id, fotoproduto_id, marcaproduto_id) VALUES (19, 'Seagate, 2TB, 7200RM, SATA', true, 'HD SEAGATE 2TB 3.5" 7200RPM SATA III 6GB/S', 530.5, 2, 4, 19, 7);
INSERT INTO public.produto (id, descricao, emestoque, nome, preco, categoria_id, fornecedor_id, fotoproduto_id, marcaproduto_id) VALUES (20, 'HD Seagate BarraCuda, 1TB, 2.5, SATA', true, 'HD Seagate BarraCuda, 1TB, 2.5, SATA', 530.9, 2, 4, 20, 7);
INSERT INTO public.produto (id, descricao, emestoque, nome, preco, categoria_id, fornecedor_id, fotoproduto_id, marcaproduto_id) VALUES (21, 'HD Interno, 1TB, SATA3, Digital 3.5', true, 'HD Interno 1TB SATA', 2390.11, 2, 4, 21, 7);
INSERT INTO public.produto (id, descricao, emestoque, nome, preco, categoria_id, fornecedor_id, fotoproduto_id, marcaproduto_id) VALUES (22, 'HD WD Interno 1TB SATA3 Western Digital 3.5', true, 'HD WD Interno 1TB SATA3 Western Digital 3.5', 2390.11, 2, 4, 22, 8);
INSERT INTO public.produto (id, descricao, emestoque, nome, preco, categoria_id, fornecedor_id, fotoproduto_id, marcaproduto_id) VALUES (23, 'FONTE, TGT, TOMAHAWK, 500W, PRETO', true, 'FONTE TGT TOMAHAWK 500W PRETO', 159.11, 13, 8, 23, 9);
INSERT INTO public.produto (id, descricao, emestoque, nome, preco, categoria_id, fornecedor_id, fotoproduto_id, marcaproduto_id) VALUES (24, 'Fonte, 200W, Fortrek', true, 'Fonte 200W Fortrek', 66.52, 13, 9, 24, 10);
INSERT INTO public.produto (id, descricao, emestoque, nome, preco, categoria_id, fornecedor_id, fotoproduto_id, marcaproduto_id) VALUES (25, 'Fonte, EVGA, 400W, Preto', true, 'Fonte EVGA 400W', 258.85, 13, 10, 25, 11);
INSERT INTO public.produto (id, descricao, emestoque, nome, preco, categoria_id, fornecedor_id, fotoproduto_id, marcaproduto_id) VALUES (26, 'Fonte, One Power, 600W, Preto', true, 'Fonte One Power 600W', 229.2, 13, 11, 26, 12);
INSERT INTO public.produto (id, descricao, emestoque, nome, preco, categoria_id, fornecedor_id, fotoproduto_id, marcaproduto_id) VALUES (27, 'Fonte, Raptor, 500W, 80 Plus Bronze, Preto', true, 'Fonte Raptor 500W, 80 Plus Bronze', 269, 13, 12, 27, 13);
INSERT INTO public.produto (id, descricao, emestoque, nome, preco, categoria_id, fornecedor_id, fotoproduto_id, marcaproduto_id) VALUES (28, 'Fonte, Raptor, 600W, 80 Plus Bronze, Preto', true, 'Fonte Raptor 600W, 80 Plus Bronze', 299.99, 13, 12, 28, 13);
INSERT INTO public.produto (id, descricao, emestoque, nome, preco, categoria_id, fornecedor_id, fotoproduto_id, marcaproduto_id) VALUES (29, 'Fonte, Corsair, 650W, 80 Plus, White ', true, 'Fonte Corsair 650W 80 Plus White ', 499.99, 13, 13, 29, 14);
INSERT INTO public.produto (id, descricao, emestoque, nome, preco, categoria_id, fornecedor_id, fotoproduto_id, marcaproduto_id) VALUES (30, 'Fonte, EVGA, 400W, Preto', true, 'Fonte EVGA 400W', 258.71, 13, 10, 30, 11);
INSERT INTO public.produto (id, descricao, emestoque, nome, preco, categoria_id, fornecedor_id, fotoproduto_id, marcaproduto_id) VALUES (31, 'Fonte, Corsair, 750W, 80 Plus Bronze, Semi Modular', true, 'Fonte Corsair 750W 80 Plus Bronze Semi Modular', 799.95, 13, 13, 31, 14);
INSERT INTO public.produto (id, descricao, emestoque, nome, preco, categoria_id, fornecedor_id, fotoproduto_id, marcaproduto_id) VALUES (32, 'Para processadores AMD/Intel, Preto', true, 'Cooler - Cooler Master', 165.1, 8, 15, 32, 15);
INSERT INTO public.produto (id, descricao, emestoque, nome, preco, categoria_id, fornecedor_id, fotoproduto_id, marcaproduto_id) VALUES (33, 'Kit 3 Cooler FAN Gamdias, 360mm, RGB', true, 'Kit 3 Cooler FAN Gamdias', 169.91, 8, 16, 33, 16);
INSERT INTO public.produto (id, descricao, emestoque, nome, preco, categoria_id, fornecedor_id, fotoproduto_id, marcaproduto_id) VALUES (34, 'Fonte Cooler, Master MWE, White V2 550W, 80 Plus, Standart', true, 'Fonte Cooler Master MWE White', 429, 13, 15, 34, 15);
INSERT INTO public.produto (id, descricao, emestoque, nome, preco, categoria_id, fornecedor_id, fotoproduto_id, marcaproduto_id) VALUES (35, 'Kit, Cooler, FAN Rise Mode, RGB Aura, 3x120mm', true, 'Kit Cooler FAN Rise Mode RGB Aura', 169.99, 8, 17, 35, 17);
INSERT INTO public.produto (id, descricao, emestoque, nome, preco, categoria_id, fornecedor_id, fotoproduto_id, marcaproduto_id) VALUES (36, 'Water Cooler, DeepCool Gammaxx, L240T Blue, 120mm, LED Azul ', true, 'Water Cooler DeepCool Gammaxx L240T Blue', 379.8, 8, 18, 36, 18);
INSERT INTO public.produto (id, descricao, emestoque, nome, preco, categoria_id, fornecedor_id, fotoproduto_id, marcaproduto_id) VALUES (37, 'Fonte Cooler, Master MWE, White, V2 450W, 80 Plus Standart ', true, 'Fonte Cooler Master MWE White', 399.2, 8, 15, 37, 15);
INSERT INTO public.produto (id, descricao, emestoque, nome, preco, categoria_id, fornecedor_id, fotoproduto_id, marcaproduto_id) VALUES (38, 'Cooler Master Hyper, 212 LED, AMD/Intel', true, 'Cooler - Cooler Master Hyper', 169, 8, 15, 38, 15);
INSERT INTO public.produto (id, descricao, emestoque, nome, preco, categoria_id, fornecedor_id, fotoproduto_id, marcaproduto_id) VALUES (39, 'COOLER, PROCESSADOR AIGO DARKFLASH TALON, RGB, 120MM, LED, AMD Intel', true, 'COOLER DARKFLASHl', 169.9, 8, 19, 39, 19);
INSERT INTO public.produto (id, descricao, emestoque, nome, preco, categoria_id, fornecedor_id, fotoproduto_id, marcaproduto_id) VALUES (40, 'Cooler para Processador Bluecase, LED, AMD/Intel', true, 'Cooler LED AMD/Intel', 64.71, 8, 20, 40, 20);
INSERT INTO public.produto (id, descricao, emestoque, nome, preco, categoria_id, fornecedor_id, fotoproduto_id, marcaproduto_id) VALUES (41, 'Cooler, FAN Deepcool, XFan 120, 120mm, Preto', true, 'Cooler FAN Deepcool XFan', 29.99, 8, 18, 41, 18);
INSERT INTO public.produto (id, descricao, emestoque, nome, preco, categoria_id, fornecedor_id, fotoproduto_id, marcaproduto_id) VALUES (42, 'Monitor, AOC, LED 21.5, Widescreen, Full HD, HDMI/VGA, Preto', true, 'Monitor AOC LED 21.5', 644.44, 9, 21, 42, 21);
INSERT INTO public.produto (id, descricao, emestoque, nome, preco, categoria_id, fornecedor_id, fotoproduto_id, marcaproduto_id) VALUES (43, 'Monitor, Gamer, AOC, Hero 24, 144Hz, IPS 1ms, AMD, FreeSync, 24G2, Preto', true, 'Monitor Gamer AOC Hero', 1670.25, 9, 21, 43, 21);
INSERT INTO public.produto (id, descricao, emestoque, nome, preco, categoria_id, fornecedor_id, fotoproduto_id, marcaproduto_id) VALUES (44, 'Monitor, LED 19, PCTOP, Wide, VGA/HDMI, Vesa, Preto', true, 'Monitor LED 19" PCTOP Wide VGA/HDMI', 395.5, 9, 22, 44, 22);
INSERT INTO public.produto (id, descricao, emestoque, nome, preco, categoria_id, fornecedor_id, fotoproduto_id, marcaproduto_id) VALUES (45, 'Monitor, LED 29, IPS ultrawide, 1ms, 75Hz, Pro Gamer, Preto', true, 'Monitor LED 29 IPS', 1580, 9, 23, 45, 23);
INSERT INTO public.produto (id, descricao, emestoque, nome, preco, categoria_id, fornecedor_id, fotoproduto_id, marcaproduto_id) VALUES (46, 'MONITOR, ACER, 19.5, LED, WIDESCREEN, HDMI, PRETO', true, 'MONITOR ACER 19.5 LED', 519.02, 9, 24, 46, 24);
INSERT INTO public.produto (id, descricao, emestoque, nome, preco, categoria_id, fornecedor_id, fotoproduto_id, marcaproduto_id) VALUES (47, 'Monitor, LED 21,5, Widescreen, Full HD, Preto', true, 'Monitor LED 21,5" Widescreen Full HD', 609, 9, 24, 47, 24);
INSERT INTO public.produto (id, descricao, emestoque, nome, preco, categoria_id, fornecedor_id, fotoproduto_id, marcaproduto_id) VALUES (48, 'Monitor, V19B, LED, HP, 18.5, Preto', true, 'Monitor V19B LED HP', 519, 9, 4, 48, 4);
INSERT INTO public.produto (id, descricao, emestoque, nome, preco, categoria_id, fornecedor_id, fotoproduto_id, marcaproduto_id) VALUES (49, 'Monitor, Gamer, LG, 25UM58G-P.AWZ, 25, LED IPS, Full HD, HDMI, 75Hz, 1ms, Preto', true, 'Monitor Gamer LG LED', 949.05, 9, 23, 49, 23);
INSERT INTO public.produto (id, descricao, emestoque, nome, preco, categoria_id, fornecedor_id, fotoproduto_id, marcaproduto_id) VALUES (50, 'Monitor, LED, 18,5, widescreen, Aoc, CX 1 UN', true, 'Monitor LED 18,5 Aoc', 445.24, 9, 21, 50, 21);
INSERT INTO public.produto (id, descricao, emestoque, nome, preco, categoria_id, fornecedor_id, fotoproduto_id, marcaproduto_id) VALUES (51, 'Monitor, Gamer, AOC, 31.5, Pol. Curvo, Full HD 165Hz 1ms Widescreen Agon', true, 'Monitor Gamer AOC Curvo Full HD Agon', 1999, 9, 25, 51, 25);
INSERT INTO public.produto (id, descricao, emestoque, nome, preco, categoria_id, fornecedor_id, fotoproduto_id, marcaproduto_id) VALUES (52, 'Monitor, Led 24, Full Hd, Preto Curvo', true, 'Monitor 24 Full Hd Preto Curvo', 879, 9, 26, 52, 26);
INSERT INTO public.produto (id, descricao, emestoque, nome, preco, categoria_id, fornecedor_id, fotoproduto_id, marcaproduto_id) VALUES (53, 'Placa de Som, HyperX, Amp, USB Virtual 7.1, Surround Sound', true, 'Placa de Som HyperX', 270, 6, 1, 53, 1);
INSERT INTO public.produto (id, descricao, emestoque, nome, preco, categoria_id, fornecedor_id, fotoproduto_id, marcaproduto_id) VALUES (54, 'Placa de Som, Asus, Strix Soar, PCIe, Canal 7.1', true, 'Placa de Som Asus', 729.9, 6, 27, 54, 27);
INSERT INTO public.produto (id, descricao, emestoque, nome, preco, categoria_id, fornecedor_id, fotoproduto_id, marcaproduto_id) VALUES (55, 'Placa de Som, GV, Brasil PCI-Express', true, 'Placa de Som GV PCI-Express', 138, 6, 29, 55, 29);
INSERT INTO public.produto (id, descricao, emestoque, nome, preco, categoria_id, fornecedor_id, fotoproduto_id, marcaproduto_id) VALUES (56, 'Placa de Som, Creative, Labs, Sound Blaster, Z PCIe', true, 'Placa de Som Creative Labs', 949, 6, 28, 56, 28);
INSERT INTO public.produto (id, descricao, emestoque, nome, preco, categoria_id, fornecedor_id, fotoproduto_id, marcaproduto_id) VALUES (57, 'Placa de Som, Creative, Sound Blaster Z, PCI-E, 5.1 Canais, Vermelha', true, 'Placa de Som Creative Sound Blaster', 904.9, 6, 28, 57, 28);
INSERT INTO public.produto (id, descricao, emestoque, nome, preco, categoria_id, fornecedor_id, fotoproduto_id, marcaproduto_id) VALUES (58, 'Placa de Som, Asus, Xonar AE, PCI Express, 7.1 Canais', true, 'Placa de Som Asus Xonar ae', 512.5, 6, 27, 58, 27);
INSERT INTO public.produto (id, descricao, emestoque, nome, preco, categoria_id, fornecedor_id, fotoproduto_id, marcaproduto_id) VALUES (59, 'Placa de Som, Creative, Labs SO, Sound Blaster Audigy Rx', true, 'Placa de Som Creative Labs SO', 718.12, 6, 28, 59, 28);
INSERT INTO public.produto (id, descricao, emestoque, nome, preco, categoria_id, fornecedor_id, fotoproduto_id, marcaproduto_id) VALUES (60, 'Placa de Som, Creative, Audigy FX, PCIe, 5.1 Canais', true, 'Placa de Som Creative Audigy FX', 470.6, 6, 28, 60, 28);
INSERT INTO public.produto (id, descricao, emestoque, nome, preco, categoria_id, fornecedor_id, fotoproduto_id, marcaproduto_id) VALUES (61, 'Placa de Vídeo, EVGA, NVIDIA GeForce GTX 1660, SC Ultra Gaming, 6GB, GDDR5', true, 'Placa de Vídeo EVGA NVIDIA GeForce', 1709.6, 5, 10, 61, 11);
INSERT INTO public.produto (id, descricao, emestoque, nome, preco, categoria_id, fornecedor_id, fotoproduto_id, marcaproduto_id) VALUES (62, 'Placa de Vídeo, Asus, NVIDIA GeForce GTX 1050, Ti OC Cerberus, 4GB, GDDR5, CERBERUS', true, 'Placa de Vídeo Asus NVIDIA GeForce GTX 1050', 1054.4, 5, 27, 62, 27);
INSERT INTO public.produto (id, descricao, emestoque, nome, preco, categoria_id, fornecedor_id, fotoproduto_id, marcaproduto_id) VALUES (63, 'Placa de Vídeo, Gigabyte, AMD Radeon, RX 580 Gaming, 8GB, GDDR5, REV 2.0', true, 'Placa de Vídeo Gigabyte AMD Radeon RX 580', 1892.8, 5, 30, 63, 30);
INSERT INTO public.produto (id, descricao, emestoque, nome, preco, categoria_id, fornecedor_id, fotoproduto_id, marcaproduto_id) VALUES (64, 'Placa de Vídeo, Galax, NVIDIA GeForce, GTX 1650, EX Plus 1-Click OC, 4GB, GDDR6', true, 'Placa de Vídeo Galax NVIDIA GeForce GTX 1650', 1298, 5, 31, 64, 31);
INSERT INTO public.produto (id, descricao, emestoque, nome, preco, categoria_id, fornecedor_id, fotoproduto_id, marcaproduto_id) VALUES (65, 'Placa de Vídeo, MSI, AMD Radeon, RX 570, Armor 8G OC, GDDR5', true, 'Placa de Vídeo MSI AMD Radeon RX 570', 1400, 5, 32, 65, 32);
INSERT INTO public.produto (id, descricao, emestoque, nome, preco, categoria_id, fornecedor_id, fotoproduto_id, marcaproduto_id) VALUES (66, 'Placa de Vídeo, PowerColor, AMD Radeon, RX 550, 4GB, DDR5', true, 'Placa de Vídeo PowerColor AMD Radeon', 670.9, 5, 33, 66, 33);
INSERT INTO public.produto (id, descricao, emestoque, nome, preco, categoria_id, fornecedor_id, fotoproduto_id, marcaproduto_id) VALUES (67, 'Placa de Vídeo, Gigabyte, NVIDIA, GeForce GTX 1650, D6, 4G, GDDR6 ', true, 'Placa de Vídeo Gigabyte NVIDIA GeForce GTX 1650', 999.9, 5, 30, 67, 30);
INSERT INTO public.produto (id, descricao, emestoque, nome, preco, categoria_id, fornecedor_id, fotoproduto_id, marcaproduto_id) VALUES (68, 'Mouse Gamer, HyperX, Pulsefire, Surge RGB, 16000 DPI', true, 'Mouse Gamer HyperX Pulsefire Surge RGB', 389.9, 12, 1, 68, 1);
INSERT INTO public.produto (id, descricao, emestoque, nome, preco, categoria_id, fornecedor_id, fotoproduto_id, marcaproduto_id) VALUES (69, 'Mouse Gamer, HyperX, Pulsefire, Raid RGB, 16000 DPI', true, 'Mouse Gamer HyperX Pulsefire Raid RGB', 398.7, 12, 1, 69, 1);
INSERT INTO public.produto (id, descricao, emestoque, nome, preco, categoria_id, fornecedor_id, fotoproduto_id, marcaproduto_id) VALUES (70, 'Mousepad Gamer, HyperX, Fury S, Control, Médio 360x300mm ', true, 'Mousepad Gamer HyperX Fury S', 99.9, 12, 1, 70, 1);
INSERT INTO public.produto (id, descricao, emestoque, nome, preco, categoria_id, fornecedor_id, fotoproduto_id, marcaproduto_id) VALUES (71, 'Mousepad Gamer, HyperX Fury Ultra, RGB, 360x300mm ', true, 'Mousepad Gamer HyperX Fury Ultra', 399.9, 12, 1, 71, 1);
INSERT INTO public.produto (id, descricao, emestoque, nome, preco, categoria_id, fornecedor_id, fotoproduto_id, marcaproduto_id) VALUES (72, 'Mousepad Gamer, HyperX Fury S Speed, Pequeno, 290x240mm', true, 'Mousepad Gamer HyperX', 69.9, 12, 1, 72, 1);
INSERT INTO public.produto (id, descricao, emestoque, nome, preco, categoria_id, fornecedor_id, fotoproduto_id, marcaproduto_id) VALUES (73, 'Mouse Gamer, HyperX, Pulsefire, FPS PRO, RGB, 16000dpi', true, 'Mouse Gamer, HyperX Pulsefire', 420, 12, 1, 73, 1);
INSERT INTO public.produto (id, descricao, emestoque, nome, preco, categoria_id, fornecedor_id, fotoproduto_id, marcaproduto_id) VALUES (74, 'Mouse Gamer, HyperX, Pulsefire, FPS, 3200dpi', true, 'Mouse Gamer HyperX Pulsefire FPS', 170.9, 12, 1, 74, 1);
INSERT INTO public.produto (id, descricao, emestoque, nome, preco, categoria_id, fornecedor_id, fotoproduto_id, marcaproduto_id) VALUES (75, 'Mousepad Gamer, HyperX, Fury S Speed, Médio, 360x300mm', true, 'Mousepad Gamer HyperX Fury S Speed', 99.99, 12, 1, 75, 1);
INSERT INTO public.produto (id, descricao, emestoque, nome, preco, categoria_id, fornecedor_id, fotoproduto_id, marcaproduto_id) VALUES (76, 'Placa-Mãe, Gigabyte, B450M Gaming, AMD AM4, mATX, DDR4', true, 'Placa-Mãe Gigabyte B450M Gaming', 799.99, 7, 30, 76, 30);
INSERT INTO public.produto (id, descricao, emestoque, nome, preco, categoria_id, fornecedor_id, fotoproduto_id, marcaproduto_id) VALUES (77, 'Placa-Mãe, Gigabyte, Aorus B365, M Aorus Elite, Intel LGA 1151, mATX, DDR4', true, 'Placa-Mãe Gigabyte Aorus B365', 999.99, 7, 30, 77, 34);
INSERT INTO public.produto (id, descricao, emestoque, nome, preco, categoria_id, fornecedor_id, fotoproduto_id, marcaproduto_id) VALUES (78, 'Placa-Mãe, Gigabyte, GA-H110M-S2H, Intel, LGA1151, Micro ATX, DDR3', true, 'Placa-Mãe Gigabyte GA-H110M-S2H', 399.99, 7, 30, 78, 30);
INSERT INTO public.produto (id, descricao, emestoque, nome, preco, categoria_id, fornecedor_id, fotoproduto_id, marcaproduto_id) VALUES (79, 'Placa-Mãe, Asus, TUF B360M-Plus Gaming/BR, Intel, LGA 1151, mATX, DDR4', true, 'Placa-Mãe Asus TUF B360M-Plus Gaming', 699.99, 7, 27, 79, 27);
INSERT INTO public.produto (id, descricao, emestoque, nome, preco, categoria_id, fornecedor_id, fotoproduto_id, marcaproduto_id) VALUES (80, 'Placa-Mãe, Gigabyte, Z390 M Gaming, Intel LGA 1151, mATX, DDR4', true, 'Placa-Mãe Gigabyte Z390 M Gaming', 1299.99, 7, 30, 80, 30);
INSERT INTO public.produto (id, descricao, emestoque, nome, preco, categoria_id, fornecedor_id, fotoproduto_id, marcaproduto_id) VALUES (81, 'Placa-Mãe, MSI, H310M Pro-VDH Plus p/ Intel, LGA 1151, m-ATX, DDR4', true, 'Placa-Mãe MSI H310M Pro-VDH Plus para Intel', 459.99, 7, 32, 81, 32);
INSERT INTO public.produto (id, descricao, emestoque, nome, preco, categoria_id, fornecedor_id, fotoproduto_id, marcaproduto_id) VALUES (82, 'Placa-Mãe, Gigabyte Aorus B450, Aorus Elite, AMD ATX, DDR4', true, 'Placa-Mãe Gigabyte Aorus B450 Aorus Elite', 999.99, 7, 34, 82, 34);
INSERT INTO public.produto (id, descricao, emestoque, nome, preco, categoria_id, fornecedor_id, fotoproduto_id, marcaproduto_id) VALUES (83, 'placa-Mãe, Asus, Prime B450M, Gaming/BR, AMD AM4, mATX, DDR4', true, 'placa-Mãe, Asus, Prime, B450M Gaming/BR, AMD AM4, mATX, DDR4', 699.99, 7, 27, 83, 27);
INSERT INTO public.produto (id, descricao, emestoque, nome, preco, categoria_id, fornecedor_id, fotoproduto_id, marcaproduto_id) VALUES (84, 'Norton, Antivirus Security Plus, 3 Dispositivos', true, 'Norton Antivirus Security Plus para 3 Dispositivos', 39.99, 11, 35, 84, 35);
INSERT INTO public.produto (id, descricao, emestoque, nome, preco, categoria_id, fornecedor_id, fotoproduto_id, marcaproduto_id) VALUES (85, 'Kaspersky, Antivírus 2019, 3 PCs', true, 'Kaspersky Antivírus 2019 3 PCs', 49.99, 11, 36, 85, 36);
INSERT INTO public.produto (id, descricao, emestoque, nome, preco, categoria_id, fornecedor_id, fotoproduto_id, marcaproduto_id) VALUES (86, 'Norton, Antivirus 360 Premium, ND 75GB para 10 Dispositivos', true, 'Norton, Antivirus 360 Premium ND 75GB para 10 Dispositivos ', 159.99, 11, 35, 86, 35);
INSERT INTO public.produto (id, descricao, emestoque, nome, preco, categoria_id, fornecedor_id, fotoproduto_id, marcaproduto_id) VALUES (87, 'SSD, Kingston, A400, 240GB, SATA, Leitura 500MB/s, Gravação 350MB/s', true, 'SSD Kingston A400 240GB', 359.99, 3, 5, 87, 5);
INSERT INTO public.produto (id, descricao, emestoque, nome, preco, categoria_id, fornecedor_id, fotoproduto_id, marcaproduto_id) VALUES (88, 'SSD, Gigabyte, 240GB, SATA, Leitura 500MB/s, Gravação 420MB/s', true, 'SSD Gigabyte 240GB', 459.99, 3, 30, 88, 30);
INSERT INTO public.produto (id, descricao, emestoque, nome, preco, categoria_id, fornecedor_id, fotoproduto_id, marcaproduto_id) VALUES (89, 'SSD, PNY, CS900, 240GB, SATA, Leitura: 535MB/s e Gravações: 500MB/s', true, 'SSD PNY CS900, 240GB', 249.99, 3, 37, 89, 36);
INSERT INTO public.produto (id, descricao, emestoque, nome, preco, categoria_id, fornecedor_id, fotoproduto_id, marcaproduto_id) VALUES (90, 'SSD, HP, EX900, 500GB, M.2, PCIe NVMe, Leituras: 2100Mb/s e Gravações: 1500Mb/s', true, 'SSD HP EX900, 500GB', 558.99, 3, 4, 90, 4);
INSERT INTO public.produto (id, descricao, emestoque, nome, preco, categoria_id, fornecedor_id, fotoproduto_id, marcaproduto_id) VALUES (91, 'SSD, HP, S700, 250GB, SATA, Leituras: 555Mb/s e Gravações: 515Mb/s', true, 'SSD HP S700, 250GB', 279.99, 3, 4, 91, 4);
INSERT INTO public.produto (id, descricao, emestoque, nome, preco, categoria_id, fornecedor_id, fotoproduto_id, marcaproduto_id) VALUES (92, 'SSD, PNY, CS900, 120GB SATA, Leitura 515MB/s, Gravação 490MB/s', true, 'SSD PNY CS900 120GB', 154.99, 3, 37, 92, 36);
INSERT INTO public.produto (id, descricao, emestoque, nome, preco, categoria_id, fornecedor_id, fotoproduto_id, marcaproduto_id) VALUES (93, 'SSD, PNY, CS900, 480GB, SATA 2.5, Leituras: 550MB/s e Gravações: 500MB/s', true, 'SSD PNY CS900, 480GB', 341.99, 3, 37, 93, 36);
INSERT INTO public.produto (id, descricao, emestoque, nome, preco, categoria_id, fornecedor_id, fotoproduto_id, marcaproduto_id) VALUES (94, 'Notebook, Acer, Aspire 3, Intel Core i5-6300U, 4GB, 1TB, Windows 10', true, 'Notebook Acer Aspire', 3742.32, 10, 24, 94, 24);
INSERT INTO public.produto (id, descricao, emestoque, nome, preco, categoria_id, fornecedor_id, fotoproduto_id, marcaproduto_id) VALUES (95, 'Notebook, LG Gram, Intel Core i7-8550U, 8GB, SSD 256GB, Windows 10 Home, 15.6, Titânio', true, 'Notebook LG Gram Intel Core i7', 6122.44, 10, 23, 95, 23);
INSERT INTO public.produto (id, descricao, emestoque, nome, preco, categoria_id, fornecedor_id, fotoproduto_id, marcaproduto_id) VALUES (96, 'Chromebook, Plus Samsung, Touchscreen, Intel Celeron 3965Y, 4GB, 32GB, Chrome OS', true, 'Chromebook Plus Samsung Touchscreen', 2600.90, 10, 26, 96, 25);
INSERT INTO public.produto (id, descricao, emestoque, nome, preco, categoria_id, fornecedor_id, fotoproduto_id, marcaproduto_id) VALUES (97, 'Notebook, Lenovo Ultrafino Ideapad S145 Intel Core i7-8565U , 8GB, 1TB, NVIDIA GeForce MX110, Windows 10, 15.6, Prata', true, 'Notebook Lenovo Ultrafino', 4710.80, 10, 13, 97, 37);
INSERT INTO public.produto (id, descricao, emestoque, nome, preco, categoria_id, fornecedor_id, fotoproduto_id, marcaproduto_id) VALUES (98, 'Notebook, Lenovo, Intel Core i3-7020U, 4GB, 500GB, Windows 10 Pro, 15.6', true, 'Notebook Lenovo Intel Core i3', 4010.55, 10, 13, 98, 37);
INSERT INTO public.produto (id, descricao, emestoque, nome, preco, categoria_id, fornecedor_id, fotoproduto_id, marcaproduto_id) VALUES (99, 'Notebook, Acer, Aspire 3, Intel Core i5-8250U, 8GB, SSD 512GB, Endless OS, 15.6, Azul', true, 'Notebook Acer Aspire 3 i5', 3999.99, 10, 24, 99, 24);
INSERT INTO public.produto (id, descricao, emestoque, nome, preco, categoria_id, fornecedor_id, fotoproduto_id, marcaproduto_id) VALUES (100, 'Notebook, Asus Vivobook, Intel Core i5-6200U, 8GB, 1TB, Windows 10 Home, 15.6, Cinza Escuro', true, 'Notebook Asus Vivobook', 3520.32, 10, 27, 100, 27);
INSERT INTO public.produto (id, descricao, emestoque, nome, preco, categoria_id, fornecedor_id, fotoproduto_id, marcaproduto_id) VALUES (101, 'Notebook, Vaio, Intel Core i5-10210U, 8GB, SSD 256GB, Windows 10 Home, 14.0, Cinza Escuro', true, 'Notebook Vaio i5', 4202.32, 10, 38, 101, 38);
INSERT INTO public.produto (id, descricao, emestoque, nome, preco, categoria_id, fornecedor_id, fotoproduto_id, marcaproduto_id) VALUES (102, 'Notebook, Vaio, Intel Core i5-10210U, 8GB, 1TB, Windows 10 Home, 15.6, Cinza Escuro', true, 'Notebook Vaio i5', 4442.02, 10, 38, 102, 38);
INSERT INTO public.produto (id, descricao, emestoque, nome, preco, categoria_id, fornecedor_id, fotoproduto_id, marcaproduto_id) VALUES (103, 'Notebook Vaio, C14, Intel Core i7-6500U, 8GB, SSD 256GB, Windows 10 Home, 14', true, 'Notebook Vaio C14', 5192.44, 10, 38, 103, 38);
INSERT INTO public.produto (id, descricao, emestoque, nome, preco, categoria_id, fornecedor_id, fotoproduto_id, marcaproduto_id) VALUES (104, 'Chromebook, Acer, Intel Celeron N4000, 4GB, 32GB, Chrome OS, 11.6', true, 'Chromebook Acer Intel Celeron N4000', 1882.32, 10, 24, 104, 24);
INSERT INTO public.produto (id, descricao, emestoque, nome, preco, categoria_id, fornecedor_id, fotoproduto_id, marcaproduto_id) VALUES (105, 'Notebook,Asus, Intel Celeron N4000, 4GB, 500GB, Windows 10 Home, 15.6, Cinza', true, 'Notebook Asus Intel Celeron N4000', 2890.10, 10, 27, 105, 27);
INSERT INTO public.produto (id, descricao, emestoque, nome, preco, categoria_id, fornecedor_id, fotoproduto_id, marcaproduto_id) VALUES (106, 'Notebook, Vaio, Intel Core i7-10510U, 8GB, 1TB, Windows 10 Home, 14, Chumbo Escuro', true, 'Notebook Vaio Intel Core i7', 5002.42, 10, 38, 106, 38);
INSERT INTO public.produto (id, descricao, emestoque, nome, preco, categoria_id, fornecedor_id, fotoproduto_id, marcaproduto_id) VALUES (107, 'Notebook, Lenovo, Intel Core i7-10510U, 8GB, SSD 256GB, Windows 10 Pro, 14', true, 'Notebook Lenovo ThinkPad Intel Core i7', 7422.80, 10, 13, 107, 37);
INSERT INTO public.produto (id, descricao, emestoque, nome, preco, categoria_id, fornecedor_id, fotoproduto_id, marcaproduto_id) VALUES (108, 'Notebook, Lenovo, Ideapad S145 Intel Core i5-8265U, 8GB, SSD 256GB, NVIDIA MX110 2GB, Windows 10, 15.6, Prata', true, 'Notebook Lenovo Ideapad', 4052.32, 10, 13, 108, 37);
INSERT INTO public.produto (id, descricao, emestoque, nome, preco, categoria_id, fornecedor_id, fotoproduto_id, marcaproduto_id) VALUES (109, 'Notebook, Lenovo, Ideapad S145 Intel Core i5-8265U, 16GB, SSD 256GB, NVIDIA MX110 2GB, Windows 10, 15.6, Prata', true, 'Notebook Lenovo Ideapad i5', 6142.32, 10, 13, 109, 37);
INSERT INTO public.produto (id, descricao, emestoque, nome, preco, categoria_id, fornecedor_id, fotoproduto_id, marcaproduto_id) VALUES (110, 'Notebook, Asus, Intel Core i5-6200U, 8GB, SSD 256GB, Windows 10 Home, 15.6´, Cinza Escuro', true, 'Notebook Asus Intel Core i5', 4009.20, 10, 27, 110, 27);
INSERT INTO public.produto (id, descricao, emestoque, nome, preco, categoria_id, fornecedor_id, fotoproduto_id, marcaproduto_id) VALUES (111, 'Notebook, Asus, VivoBook X543 Intel Core i3-6100U, 4GB, 1TB, Windows 10 Home, 15.6, Cinza', true, 'Notebook Asus VivoBook X543', 3142.32, 10, 27, 111, 27);
INSERT INTO public.produto (id, descricao, emestoque, nome, preco, categoria_id, fornecedor_id, fotoproduto_id, marcaproduto_id) VALUES (112, 'Notebook, Samsung, Book X20 Intel Core i5, 4GB, 1TB, Tela 15.6, Windows 10 Home, Prata', true, 'Notebook Samsung Book X20 Intel Core i5', 3542.32, 10, 26, 112, 25);
INSERT INTO public.produto (id, descricao, emestoque, nome, preco, categoria_id, fornecedor_id, fotoproduto_id, marcaproduto_id) VALUES (113, 'Notebook Gamer, Asus, AMD Ryzen 5 3500U, 8GB, 1TB, NVIDIA GTX1050 4GB, Windows 10 Home, 15.6, Preto/Azul ', true, 'Notebook Gamer Asus AMD Ryzen 5 3500U', 5002.12, 10, 27, 113, 26);
INSERT INTO public.produto (id, descricao, emestoque, nome, preco, categoria_id, fornecedor_id, fotoproduto_id, marcaproduto_id) VALUES (114, 'Notebook Gamer, Asus, ROG Intel Core i7-9750H, 16GB, SSD 512GB, RTX 2060 6GB, 17.30, Windows 10 Home, Azul Metálico', true, 'Notebook Gamer Asus ROG Intel Core i7', 19142.90, 10, 27, 114, 26);
INSERT INTO public.produto (id, descricao, emestoque, nome, preco, categoria_id, fornecedor_id, fotoproduto_id, marcaproduto_id) VALUES (115, 'Notebook Gamer, Acer, Predator Helios 300, Intel Core i7-7700HQ, 16GB, 2TB NVIDIA GeForce GTX 1060 6GB, GDDR5 15,6', true, 'Notebook Gamer Acer Predator', 7710.02, 10, 24, 115, 23);
INSERT INTO public.produto (id, descricao, emestoque, nome, preco, categoria_id, fornecedor_id, fotoproduto_id, marcaproduto_id) VALUES (116, 'Notebook Gamer, Acer, Aspire Nitro 5, Intel Core i7-9750H, 16GB, 1TB, SSD 128GB, GTX 1650 4GB, Endless OS, Preto/Vermelho', true, 'Notebook Gamer Acer Aspire Nitro 5', 7242.32, 10, 24, 116, 23);
INSERT INTO public.produto (id, descricao, emestoque, nome, preco, categoria_id, fornecedor_id, fotoproduto_id, marcaproduto_id) VALUES (117, 'Notebook Gamer, Asus, Rog Strix Intel, Core i7-10750H, 16GB, SSD 512GB, NVIDIA RTX2060, Windows 10 Home', true, 'Notebook Gamer Asus Rog Strix', 20302.00, 10, 27, 117, 26);
INSERT INTO public.produto (id, descricao, emestoque, nome, preco, categoria_id, fornecedor_id, fotoproduto_id, marcaproduto_id) VALUES (118, 'Notebook, Acer, Aspire 5, Intel Core i5-10210U, 8GB, SSD 256GB, NVIDIA MX250 2GB, Windows 10 Home, 15.6, Prata', true, 'Notebook Acer Aspire 5 Intel', 4142.32, 10, 24, 118, 23);
INSERT INTO public.produto (id, descricao, emestoque, nome, preco, categoria_id, fornecedor_id, fotoproduto_id, marcaproduto_id) VALUES (119, 'Notebook, Acer, Aspire 3 Celeron, 4GB, 1TB, Endless', true, 'Notebook Acer Aspire 3', 3444.32, 10, 24, 119, 23);
INSERT INTO public.produto (id, descricao, emestoque, nome, preco, categoria_id, fornecedor_id, fotoproduto_id, marcaproduto_id) VALUES (120, 'Notebook, Lenovo, B330 Intel Core i3-7020U, 4GB, 500GB, Windows 10 Home, 15.6', true, 'Notebook Lenovo B330 Intel Core i3', 3142.32, 10, 13, 120, 27);
INSERT INTO public.produto (id, descricao, emestoque, nome, preco, categoria_id, fornecedor_id, fotoproduto_id, marcaproduto_id) VALUES (121, 'Notebook, Lenovo, B330 Intel Core i3-7020U, 4GB, 500GB, Windows 10 Pro, 15.6', true, 'Notebook Lenovo B330 Intel Core i3', 3702.12, 10, 13, 121, 27);
INSERT INTO public.produto (id, descricao, emestoque, nome, preco, categoria_id, fornecedor_id, fotoproduto_id, marcaproduto_id) VALUES (122, 'Notebook, Acer, AMD Ryzen 5 3500, 8GB, 1TB, SSD 128GB, Windows 10', true, 'Notebook Acer AMD Ryzen 5', 4809.50, 10, 24, 122, 23);
INSERT INTO public.produto (id, descricao, emestoque, nome, preco, categoria_id, fornecedor_id, fotoproduto_id, marcaproduto_id) VALUES (123, 'Notebook, Acer, Aspire 3 Intel Core i3-1005G1, 8GB, 1TB, Windows 10 Home, 15.6', true, 'Notebook Acer Aspire 3 Intel Core i3', 3542.32, 10, 24, 123, 23);
INSERT INTO public.produto (id, descricao, emestoque, nome, preco, categoria_id, fornecedor_id, fotoproduto_id, marcaproduto_id) VALUES (124, 'Notebook, Vaio, FE15 Intel Core i5-10210U, 8GB, SSD 512GB, Windows 10 Home, 15.6, Chumbo Escuro', true, 'Notebook Vaio FE15 Intel Core i5', 5222.22, 10, 38, 124, 38);


INSERT INTO public.avaliacao (id,comentario,datapostado,nota,pessoa_id,produto_id) Values(1,'melhor produto que já comprei','2020-10-22',5,3,20);
INSERT INTO public.avaliacao (id,comentario,datapostado,nota,pessoa_id,produto_id) Values(2,'bem ok, pensei que era melhor','2020-10-11',3,3,55);
INSERT INTO public.avaliacao (id,comentario,datapostado,nota,pessoa_id,produto_id) Values(3,'muito ruim, não funciona nada,veio de forma deplorável','2020-09-15',1,3,3);
INSERT INTO public.avaliacao (id,comentario,datapostado,nota,pessoa_id,produto_id) Values(5,'melhor que isso, apenas todos os outros, simplesmente horrível','2020-09-08',2,4,86);
INSERT INTO public.avaliacao (id,comentario,datapostado,nota,pessoa_id,produto_id) Values(6,'ok','2020-10-11',4,4,109);
INSERT INTO public.avaliacao (id,comentario,datapostado,nota,pessoa_id,produto_id) Values(7,'recomendo','2020-10-10',5,5,109);
INSERT INTO public.avaliacao (id,comentario,datapostado,nota,pessoa_id,produto_id) Values(8,'recomendadíssimo','2020-09-02',4,6,109);
INSERT INTO public.avaliacao (id,comentario,datapostado,nota,pessoa_id,produto_id) Values(9,'muito bom como o previsto','2020-09-06',4,6,87);
INSERT INTO public.avaliacao (id,comentario,datapostado,nota,pessoa_id,produto_id) Values(10,'não é bom, n recomendo!','2020-10-08',3,7,20);
INSERT INTO public.avaliacao (id,comentario,datapostado,nota,pessoa_id,produto_id) Values(11,'mediano apenas','2020-10-10',3,7,78);
INSERT INTO public.avaliacao (id,comentario,datapostado,nota,pessoa_id,produto_id) Values(12,'melhor que a maioria, recomendo','2020-08-22',4,8,102);
INSERT INTO public.avaliacao (id,comentario,datapostado,nota,pessoa_id,produto_id) Values(13,'acima das minhas expectativas','2020-09-11',5,8,20);
INSERT INTO public.avaliacao (id,comentario,datapostado,nota,pessoa_id,produto_id) Values(14,'melhor produto','2020-10-10',5,9,120);
INSERT INTO public.avaliacao (id,comentario,datapostado,nota,pessoa_id,produto_id) Values(15,'mediano, muito mediano','2020-10-13',5,9,20);
INSERT INTO public.avaliacao (id,comentario,datapostado,nota,pessoa_id,produto_id) Values(16,'isso valeu meu dinheiro','2020-10-12',5,9,2);
INSERT INTO public.avaliacao (id,comentario,datapostado,nota,pessoa_id,produto_id) Values(17,'recomendo','2020-10-10',4,9,98);
INSERT INTO public.avaliacao (id,comentario,datapostado,nota,pessoa_id,produto_id) Values(18,'valeu meu investimento','2020-10-10',4,10,80);
INSERT INTO public.avaliacao (id,comentario,datapostado,nota,pessoa_id,produto_id) Values(19,'tem muita coisa melhor, n recomendo','2020-10-22',2,10,109);
INSERT INTO public.avaliacao (id,comentario,datapostado,nota,pessoa_id,produto_id) Values(20,'menos interessante do que pensei ):','2020-10-26',2,10,38);
INSERT INTO public.avaliacao (id,comentario,datapostado,nota,pessoa_id,produto_id) Values(21,'sem comentários','2020-10-23',1,11,100);
INSERT INTO public.avaliacao (id,comentario,datapostado,nota,pessoa_id,produto_id) Values(22,'minha nota fala por si só','2020-10-10',1,11,110);
INSERT INTO public.avaliacao (id,comentario,datapostado,nota,pessoa_id,produto_id) Values(23,'bom','2020-10-10',3,11,20);
INSERT INTO public.avaliacao (id,comentario,datapostado,nota,pessoa_id,produto_id) Values(24,'bem ok viu','2020-10-10',3,11,58);
INSERT INTO public.avaliacao (id,comentario,datapostado,nota,pessoa_id,produto_id) Values(25,'aaaaaaah muito ruim','2020-10-19',1,12,100);
INSERT INTO public.avaliacao (id,comentario,datapostado,nota,pessoa_id,produto_id) Values(26,'tudo isso!','2020-10-10',4,12,109);
INSERT INTO public.avaliacao (id,comentario,datapostado,nota,pessoa_id,produto_id) Values(27,'quem é que vai ser louco de comprar isso?','2020-10-10',3,12,119);
INSERT INTO public.avaliacao (id,comentario,datapostado,nota,pessoa_id,produto_id) Values(28,'recomendo','2020-10-09',4,12,92);
INSERT INTO public.avaliacao (id,comentario,datapostado,nota,pessoa_id,produto_id) Values(29,'bem mediano','2020-10-14',3,12,9);
INSERT INTO public.avaliacao (id,comentario,datapostado,nota,pessoa_id,produto_id) Values(30,'era melhor ter ido ver o pelé','2020-10-18',2,13,103);
INSERT INTO public.avaliacao (id,comentario,datapostado,nota,pessoa_id,produto_id) Values(31,'RECOMENDO!','2020-10-20',5,13,44);
INSERT INTO public.avaliacao (id,comentario,datapostado,nota,pessoa_id,produto_id) Values(32,'MUITO RUIM, PÉSSIMO, NEM FUNCIONA SA ****','2020-10-01',5,13,108);
INSERT INTO public.avaliacao (id,comentario,datapostado,nota,pessoa_id,produto_id) Values(33,'beleza, funcionou que uma maravilha','2020-10-10',4,14,109);
INSERT INTO public.avaliacao (id,comentario,datapostado,nota,pessoa_id,produto_id) Values(34,'D:','2020-09-10',3,14,108);
INSERT INTO public.avaliacao (id,comentario,datapostado,nota,pessoa_id,produto_id) Values(35,'isso não valeu meu investimento','2020-10-10',2,14,30);
INSERT INTO public.avaliacao (id,comentario,datapostado,nota,pessoa_id,produto_id) Values(36,'melhor que muitos, recomendo','2020-10-10',4,14,122);
INSERT INTO public.avaliacao (id,comentario,datapostado,nota,pessoa_id,produto_id) Values(37,'dale que é bom','2020-10-15',4,15,25);
INSERT INTO public.avaliacao (id,comentario,datapostado,nota,pessoa_id,produto_id) Values(38,'demorou chegar mas valeu a espera, recomendo a todos','10-10-2020',4,15,8);
INSERT INTO public.avaliacao (id,comentario,datapostado,nota,pessoa_id,produto_id) Values(39,'só faltou ser bom de resto ok','2020-10-10',3,15,120);
INSERT INTO public.avaliacao (id,comentario,datapostado,nota,pessoa_id,produto_id) Values(40,'bem ok','2020-10-10',3,16,120);
INSERT INTO public.avaliacao (id,comentario,datapostado,nota,pessoa_id,produto_id) Values(41,'recomendo a todos','2020-10-10',5,17,3);

insert into public.pedido(id, endereco_id, formapagamento_id, pessoa_id, quantidade, valortotal)Values(1,2,2,2,4,230);
insert into public.pedido(id, endereco_id, formapagamento_id, pessoa_id, quantidade, valortotal)Values(2,2,3,2,3,330);
insert into public.pedido(id, endereco_id, formapagamento_id, pessoa_id, quantidade, valortotal)Values(3,2,2,2,8,700.35);

INSERT INTO public.itenspedido(id,produto_id,pedido_id ,quantidade ,valor)VALUES(1,45,1,2,130);
INSERT INTO public.itenspedido(id,produto_id,pedido_id ,quantidade ,valor)VALUES(2,76,1,2,100);
INSERT INTO public.itenspedido(id,produto_id,pedido_id ,quantidade ,valor)VALUES(3,4,2,3,330);
INSERT INTO public.itenspedido(id,produto_id,pedido_id ,quantidade ,valor)VALUES(4,1,3,8,700.35);